"method","theta_hat","rank","ci_two_left","ci_two_right","ci_left","ci_uniform_left"
"ifeval",5.66786678232927,1,1,3,1,1
"bbh",2.38719182012886,2,2,6,2,2
"math",1.26068747074032,3,2,6,2,2
"gpqa",-6.3975501009772,6,6,6,6,1
"musr",-4.13180557720452,5,5,6,5,2
"mmlu_pro",1.21360960498327,4,2,6,2,2
