"method","theta_hat","rank","ci_two_left","ci_two_right","ci_left","ci_uniform_left"
"autogluon",-0.608070834935518,6,5,6,5,5
"tabpfn",-0.494689882142221,5,5,6,5,5
"glm",0.251902564226007,3,1,3,1,1
"superlearner",0.452981276401266,2,1,3,1,1
"unsemble",-0.0585482472823422,4,4,4,4,3
"single",0.456425123732809,1,1,3,1,1
